Emails,URL
"subscriptions@pei.group,subscriptions@pei.group.",pehub.com
hi@tracxn.comToggle,tracxn.com
hello@wallmine.com,wallmine.com
"pr@privco.com.,research@privco.com.",privco.com
contact@marketbeat.com,marketbeat.com
"support@zippia.comCopyright,support@zippia.com",zippia.com
tony@aum13f.com,aum13f.com
"Gartner-2023_1600x900@2x.jpg,Gartner-2023_1600x900@2x-300x169.jpg,Gartner-2023_1600x900@2x-1024x576.jpg,Gartner-2023_1600x900@2x-1536x864.jpg,Gartner-2023_1600x900@2x-2048x1152.jpg,2x-300x169@2x.jpg,2x-1536x864@2x.jpg,6dimensional-no-bg-01-300x250@2x.png,6dimensional-no-bg-01-1536x1280@2x.png,6dimensional-no-bg-01-2048x1707@2x.png,homepage-opt-1024x914S-300x268@2x.png,sage-grey-1-300x150@2x.png,autho-gret-01-300x150@2x.png,qualtrics-grey-1-300x150@2x.png,shell-grey-300x150@2x.png,sap-grey-300x150@2x.png,0000s_0016_motorola-solutions-logo-300x150@2x.png,morningstar-grey-300x150@2x.png,0001s_0014_okta-logo-300x150@2x.png,SEI-new-01-300x150@2x.png,0001s_0010_qlik-logo-300x150@2x.png,homepage-1-1-1-300x199@2x.png,Unify-the-Revenue-Team-300x272@2x.png,SEI-150x150@2x.png,SEI-300x300@2x.png,auth0-2-150x150@2x.png,auth0-2-300x300@2x.png,sage-150x150@2x.png,sage-300x300@2x.png,ujet-testimonial-150x150@2x.png,ujet-testimonial-300x300@2x.png,CMO_thumb@2x.png,CMO_thumb@2x-240x300.png,2x-240x300@2x.png,Demand-Gen_thumb@2x.png,Demand-Gen_thumb@2x-240x300.png,Digital-Ads_thumb@2x.png,Digital-Ads_thumb@2x-240x300.png,CRO_thumb@2x.png,CRO_thumb@2x-240x300.png,Inside-Sales_thumb@2x.png,Inside-Sales_thumb@2x-240x300.png,Rev-Ops_thumb@2x.png,Rev-Ops_thumb@2x-240x300.png,cta-logos-1-300x91@2x.png",6sense.com
8d2df8974aac4e88bf2faa04c30679bc@o109478.ingest.sentry.io,simplywall.st
jsmith@example.com,dealnews.com
johndoe@example.com,signalhire.com
info@ignitarium.com,ignitarium.com
"CT-CustomerService@cultec.com,CT-Orders@cultec.com",cultec.com
info@moreycorp.com,moreycorp.com
orders@bakkalinternational.com.,bakkalinternational.com
"614-1435tony@edendalestrategies.comMara,836-9388mara@edendalestrategies.comCurtis,237-0578curtis@edendalestrategies.com",edendalestrategies.com
shoboyshow@gmail.com,shoboyshow.com
"605a7baede844d278b89dc95ae0a9123@sentry-next.wixpress.com,8c4075d5481d476e945486754f783364@sentry.io,8eb368c655b84e029ed79ad7a5c1718e@sentry.wixpress.com",evacatherine.com
"info@Vitrivaxbio.com,anne.king@kingpr.net,info@vitrivaxbio.com,media@vitrivaxbio.com",vitrivaxbio.com
euonline@ezup.com,ezup.eu
"sales@sprayfoamgear.com,filler@godaddy.comOrdersMy,filler@godaddy.comHome,Applicators.561-632-6821Sales@SprayFoamGear.comAnd,GearSales@SprayFoamGear.com",sprayfoamgear.com
info@nextgen-ind.com,nextgen-ind.com
"leads@wendomail.com,info@helpmovingoffice.com,info@helpmovingoffice.com.",helpmovingoffice.com
solwavenewyork@gmail.com,solwave.co
HIP@Hillwood.com,hillwoodinvestmentproperties.com
info@airsonics.com,airsonics.com
cutehead@gotoskincare.com,gotoskincare.com
"sales.dept@lli.combottom,605a7baede844d278b89dc95ae0a9123@sentry-next.wixpress.com,8c4075d5481d476e945486754f783364@sentry.io,dd0a55ccb8124b9c9d938e3acf41f8aa@sentry.wixpress.com,c183baa23371454f99f417f6616b724d@sentry.wixpress.com,8eb368c655b84e029ed79ad7a5c1718e@sentry.wixpress.com",lli.com
info@medspa22.com,medspa22.com
sales@medicinemangallery.com,medicinemangallery.com
"Info@DimensionEnergyServices.com,AP@DimensionEnergyServices.com",dimensionenergyservices.com
"e7d54b729aaf49ea8b2f80dae22860aa@sentry.zipify.com,f14faca962674f149161045845b21b35@sentry.zipify.com",fount.bio
PowellCreekSolar@avangrid.comPowell,powellcreeksolar.com
"jacob@myteam.co,jane@myteam.co,jacob@myteam.coDeploy",surge.sh
States417-499-7922rdavis@newhopeinvestigations.com,newhopeinvestigations.com
seeds@seedsforafrica.co.za,seedsforafrica.co.za
"Untitled_design_8_215x@2x.png,IMG_0017_55f43021-0425-4c24-9a0c-979a3303968e_600x600@2x.jpg,322086779_3324956801100954_1987122507819985006_n_480x480@2x.jpg,be825aca-b7f1-4cbd-9fe9-67a79ad61f52_480x480@2x.jpg,max_layback_5_480x480@2x.jpg",eossurf.com
info@lionlatch.com,lionlatch.com
"franchising@wini.com,franchising@wini.com.",winfranchising.com
"orders@selectafoodgroup.com.au,orders@selectafoodgroup.com.au07",selectafoodgroup.com.au
badge_54_7@2x.png,urbanforestprofessionals.com
"605a7baede844d278b89dc95ae0a9123@sentry-next.wixpress.com,8eb368c655b84e029ed79ad7a5c1718e@sentry.wixpress.com",tgortho.com
sesales@gms.com,gatorgypsum.com
villagepetmarket587@gmail.com,villagepetmarket.com
"150info@csgaerospace.czMenuAbout,info@csgaerospace.cz,info@eldis.cz,info@retia.cz,info@cs-soft.cz,info@atrak.cz,secretary@jobair.cz,info@upvision.cz,info@pocketvirtuality.com",csgaerospace.cz
info@401krpa.comMonday,401krpa.com
info@integralbiosciences.com,integralbiosciences.com
284-1984info@scvtherapyservices.comfacebookinstagramAboutOur,scvtherapyservices.com
alhilal@gmail.com,trendygadget.com
merchandise@aoreed.com.,aoreedmerchandise.com
"width728px@sm.x,width984px@md.x,width1160px@lg.x,0@sm.x,maxWidthnone@md.x,maxHeight100px@md.x,minHeight60vh@md.x,minHeight50vh@md.x,flexGrow1@md.x,paddingTop15px@md.x,fontSize56@md.x,fontSize60@lg.x,textAligncenter@md.x,marginLeftauto@md.x,fontSize41@md.x,fontSize43@lg.x,-40px@sm.x,40px@sm.x,fontSize22@md.x,fontSize22@lg.x,fontSize16@md.x,fontSize16@lg.x,textAlignleft@md.x,textAlignright@md.x,marginTop0@md.x",soapcitylaundry.com
user@domain.com.,trinitylifeinsurance.com
"filler@godaddy.comMy,filler@godaddy.comHomeLendingCommercial",spearheadmortgage.com
info@cortechs.ai,cortechs.ai
"JPinn@sawa.com,LAdler@sawa.com",sawa.com
Contact@CallCactus.com,callcactus.com
info@1hpd.com,hospitalproductdirectory.com
267-233-6468contact@nelsonfrank.comNelson,nelsonfrank.com
sbj@sbj.net,sbj.net
support@bridgemls.com,bridgemls.com
tourism@gilescounty.org,virginiasmtnplayground.com
"QUESTIONS480.801.9335appraisalteam@oaktreefunding.com,E-MAILcontact@oaktreewholesale.com",nonqmexpert.com
buyers_moving_family_new@2x.jpg,upnest.com
Contact@AILFN.com,globallegalleaders.com
"sales@theboatguyinc.com,service@theboatguyinc.com,605a7baede844d278b89dc95ae0a9123@sentry-next.wixpress.com",theboatguyinc.com
"sales@probathco.com,mllegeorgesand@gmail.com,PURE_MATERIALS_d196fecb-42b8-4a63-9835-9ce823e0cb99_432x@2x.png",probathco.com
info@daklapack.com,daklapack.co.uk
info@click5interactive.com,click5interactive.com
tripssupport@theculturetrip.com,theculturetrip.com
user@domain.com.,odysseyinteractive.gg
"heartlandvetks@yahoo.comOffice,605a7baede844d278b89dc95ae0a9123@sentry-next.wixpress.com,8c4075d5481d476e945486754f783364@sentry.io,dd0a55ccb8124b9c9d938e3acf41f8aa@sentry.wixpress.com,c183baa23371454f99f417f6616b724d@sentry.wixpress.com,8eb368c655b84e029ed79ad7a5c1718e@sentry.wixpress.com",heartlandvetholton.com
"info@bkchimney.com,16033724-538-3488info@bkchimney.com,info@bkchimney.comVisit",bkchimney.com
contact@cqu.wgg.mybluehost.me,int-mech.com
info@gingi-pak.com,gingi-pak.com
dispatch@redbluffdailynews.com,redbluffdailynews.com
"mainlogo_130x@2x.jpg,DSC07509_Retouch_SQ_1_5d996d71-bd66-4698-a987-0b7c211ed0f8_600x600@2x.png,DairyFree_480x480@2x.png,NutritionallyDense_480x480@2x.png,SimpleIngredients_480x480@2x.png,WidestVariety_480x480@2x.png,Subscriber_Thumbnail_600x600@2x.jpg,Lifestyle_1_-_Pour_Cashew_600x600@2x.jpg",elmhurst1925.com
user@domain.com.,counselingwithkatie.com
wcfbooks@gmail.com,womenandchildrenfirst.com
sales@alliedbroadcastgroup.com,alliedbroadcastgroup.com
"JKegley@finprofiles.com,KMcAndrew@finprofiles.com",caliberhospitality.com
mytexasent@myupdox.com,mytexasent.com
contacto@javer.com.mx,javer.com.mx
EMAILsales@gregspetro.com,gregspetro.com
"support@berxi.com,claims@berxi.com,credentialing@berxi.com",berxi.com
"1AIPLogo_5f36019c-a553-4f25-9fd3-9fe9ec35f0ca_100x@2x.png,Gift_Message_580x@2x.jpg,AurainPink_Logo-Whitecirlce_580x@2x.png,image_36fa9c8c-0395-4d75-b20e-513e0ae77b1e_580x@2x.jpg,image_437cf67c-5e12-403b-a4ca-d36e5272a099_580x@2x.jpg,Graphique_De_France_Born_To_Be_Fabulous_Pink_Flamingo_Happy_Birthday_Card_1_580x@2x.jpg,image_fb68c434-09dd-4a50-94f5-a034af716a6d_580x@2x.jpg,Born_To_Stand_Out_Tea_Towel_Set_of_3_18X26_PINK_580x@2x.jpg,DW_Home_Richly_Scented_Candles_W_580x@2x.jpg,image_580x@2x.jpg,image_0fc564a5-0b9d-4a37-b709-8bed807e504c_580x@2x.jpg,I_Could_Quit_Shopping_Canvas_Totes_W_580x@2x.jpg,image_36f4e2ec-dcee-49e0-ac1d-97dcd37c43fc_580x@2x.jpg,She_Believed_She_Could_So_She_Did_Top_2W_580x@2x.jpg,Satin_PJ_Short_Set_1_W_580x@2x.jpg,Part_Time_Mermaid_Iridescent_Tote_Set_W_580x@2x.jpg,Capelli_New_York_Fabulous_Unicorn_Pegasus_Super-Soft_Kids_Leggings_580x@2x.jpg,G_Force_Iridescent_Mermaid_On_Break_RFID_Passport_Holder_Front_W_580x@2x.jpg,image_10e0375a-1f18-4239-af56-6a61e345be67_580x@2x.jpg,image_094350ec-d9c9-4d7f-9101-0e9bb9638d75_580x@2x.jpg,Hello_Kitty_By_Sanrio_Halloween_Skeleton_Musical_Side_Stepper_C_580x@2x.jpg,Hazel_Co_Another_Day_Another_Slay_Mug_Side_1_W_580x@2x.jpg,Behind_Every_Successful_Person_Wooden_Box_Desk_Shelf_Sign_W_580x@2x.jpg,Artisan_Driftwood_Pink_Flamingo_2_W_580x@2x.jpg,Tracy_Miller_Pastel_Gold_Foiled_Unicorn_Framed_Art_Print_On_Canvas_W_580x@2x.jpg,66888_Mermaid_Part_Time_Reversible_Sequin_Cushion_580x@2x.jpg,RaeDunnHelloGorgeousBathMat_W_580x@2x.jpg,AIP_Sezzle_flyer1000_b66edd1f-a326-43d9-a8a6-c1ca05c31728_580x@2x.png,AIP_Free_TY_Gift_CB_Stylus_Pen_Small_200_4b2b6b6b-ff1e-439c-b376-ece16f071aa2_580x@2x.jpg,About_Us..._4154_x_1640_px_c2dc0e49-7741-49f7-8753-2567fcad9341_580x@2x.png,Rags_To_Riches_Cat_Rescue_Banner_580x@2x.png",aurainpink.com
"inquiries@rivieraproduce.com,ajax-loader@2x.gif",rivieraproduce.com
contact@everactive.com,everactive.com
"605a7baede844d278b89dc95ae0a9123@sentry-next.wixpress.com,8c4075d5481d476e945486754f783364@sentry.io,88170cb0c9d64f94b5821ca7fd2d55a4@sentry-next.wixpress.com,8eb368c655b84e029ed79ad7a5c1718e@sentry.wixpress.com",cafemartorano.com
info@tritonint.com,tritonint.com
public@9d7f05d785e8d69665252463d0dd2f89.us-west-2.aws.found.io,bestplaces.net
"left-line@2x.png,right-line@2x.png,aos@2.3.1",westpak.com
contact@tastyequity.com,tastyequity.com
"info@sausalitoferry.com,info@gamespeopleplay.toys415,Coinfo@sausalitoferry.com415",sausalitoferry.com
example@domain.com,prima-solutions.com
605a7baede844d278b89dc95ae0a9123@sentry-next.wixpress.com,brand-cloud.com
info@thedowneypatriot.com,thedowneypatriot.com
1280px-N24976@PEK_20200421150836.jpg,cardsandpoints.com
info@jwacompanies.com,jwacompanies.com
"605a7baede844d278b89dc95ae0a9123@sentry-next.wixpress.com,8eb368c655b84e029ed79ad7a5c1718e@sentry.wixpress.com",completehomesllc.com
privateclient@alliant.com,alliantprivateclient.com
info@visumedequipment.comAddress,visumedequipment.com
hello@onward-productions.com,onward-productions.com
info@rationalmf.com,rationalmf.com
info@argobuilding.com,argobuilding.com
"zm@wolfenergyllc.com,ew@wolfenergyllc.com,605a7baede844d278b89dc95ae0a9123@sentry-next.wixpress.com,8eb368c655b84e029ed79ad7a5c1718e@sentry.wixpress.com",wolfenergyllc.com
support@simplywise.com.css-1a8g0pp,simplywise.com
director@middleburgheightschamber.org,middleburgheightschamber.com
379-1232contact@chiefbricks.comHablamos,chiefbricks.com
"Usinfo@credofamilymedicine.com,info@credofamilymedicine.com",credofamilymedicine.com
"-665-0580remosofny@gmail.com,-665-0580remosofny@gmail.comPowered",remosofny.com
info@esginvesting.co.uk,esginvesting.co.uk
contact@plateaumetalsales.com,plateaumetalsales.com
info@pestco.com,pestco.com
hello@argon-intl.comArgon,argon-intl.com
"RedBold_210x@2x.jpg,PXL_20230602_164348745.PORTRAIT_345x345@2x.jpg,PXL_20240503_204513684.PORTRAIT.ORIGINAL_345x345@2x.jpg,PXL_20240516_160848984.PORTRAIT.ORIGINAL-EDIT_345x345@2x.jpg,PXL_20240515_161908904.PORTRAIT_345x345@2x.jpg,PXL_20220610_134620934.PORTRAIT_345x345@2x.jpg,PXL_20220610_134649346.PORTRAIT_345x345@2x.jpg,PXL_20221101_151921668.PORTRAIT_600x600@2x.jpg",jacobsladdershop.com
hello@cloudsquare.io,cloudsquare.io
services@cert.europa.eu,cert.europa.eu
info@bcmarineterminals.com,bcmarineterminals.com
"info@digitalhomecreations.comMonday,support@digitalhomecreations.comBuffalo,info@digitalhomecreations.comConnect,info@digitalhomecreations.com,u003einfo@digitalhomecreations.com,support@digitalhomecreations.com,u003esupport@digitalhomecreations.com",digitalhomecreations.com
QSCcontactinfo@gmail.com,qualitysystemsandcompliance.com
92614800-327-0730info@ecsunix.com,expresscomputersystems.com
info@halcyondermatology.com949-266-0216Facebook,halcyonderm.com
petite-vue@0.4.1,homebuyer.com
YOUREMAIL@RECORDINGACADEMY.COM,grammy.com
0info@wielanderschill.com,wielanderschill.com
"probatefilings@allencountyohio.com,probate@allencountyohio.com,juvenilefilings@allencountyohio.com,acjc@allencountyohio.com",allenohioprobate.com
"605a7baede844d278b89dc95ae0a9123@sentry-next.wixpress.com,dd0a55ccb8124b9c9d938e3acf41f8aa@sentry.wixpress.com,c183baa23371454f99f417f6616b724d@sentry.wixpress.com,8c4075d5481d476e945486754f783364@sentry.io,8eb368c655b84e029ed79ad7a5c1718e@sentry.wixpress.com",prideexpresstransportation.com
customerservice@orourkemediagroup.com,hudsonstarobserver.com
sales@fernpinedistro.com,fernpinedistro.com
"cg@recharge.uno,security@cs.recharge.com,u003Esecurity@cs.recharge.com,security@recharge.com.,u003Esecurity@cs.recharge.com.",recharge.com
info@sustainableenergycouncil.com,world-hydrogen-summit.com
info@nwsnext.com,gapwireless.com
sounddistributors@gmail.com,sounddistributors.com
"Info@EnproElevators.com,Info@EnproElevator.com",enproelevator.com
Inquiriesinfo@navimed.com,navimed.com
"contacto@automa.cl,ecommerce@automa.cl",automa.cl
"nicholas.graham@coxinc.com,daniel.susco@coxinc.com,jessica.orozco@coxinc.com,jim.noelker@coxinc.com,holly.souther@coxinc.com,mandy.gambrell@coxinc.com,bill.lackey@coxinc.com,djuniewicz@gmail.com,tomgilliamphotography@gmail.com,russell.florence@coxinc.com,eric.schwartzberg@coxinc.com,Marcus.Hartman@coxinc.com,marcus.hartman@coxinc.com.,lynn.hulsey@coxinc.com,Avery.Kreemer@coxinc.com,avery.kreemer@coxinc.com,brooke.spurlock@coxinc.com,lyons.489@osu.edu,spicerkarin@gmail.com,Surendra.Nuthi@ajc.com,alex.cutler@coxinc.com",springfieldnewssun.com
"sales@collaborativedrug.com,support@collaborativedrug.com",collaborativedrug.com
Info@tallercalderon.com,tallercalderon.com
enquiry@abclean.sg,abclean.sg
info@wholesale-central.com,wholesale-central.com
info@falconpointpartners.com,falconpointpartners.com
publish@petersonmediagroup.com,postpressmag.com
info@optima-partners.com,optima-partners.com
grenadabluewatersailing@gmail.com,grenadabluewatersailing.com
info@hpartnerslp.com,hpartnerslp.com
"sales@xrbearing.com,insulatedbearings@gmail.com",electricallyinsulatedbearings.com
609-8458info@wearegap.com,mobilize.net
RegisterContactaltafdr111@gmail.comeppalmobilesco,eppalstore.com
"info@madmarine.com,joe@madmarine.com",madmarine.com
info@rsasolutions.com,rsasolutions.com
"stefan@fruitjuicefocus.com,caroline@fruitjuicefocus.comt",fruitjuicefocus.com
info@bittersweetparis.com,bittersweetparis.com
newsroom@whbf.com,ourquadcities.com
TWF_Logo-Main@2x-1-1.png,emodsafety.com
"csmith@mtairynews.com,ryan.kelly@mtairynews.com,jpeters@mtairynews.com,tjoyce@mtairynews.com",mtairynews.com
hello@ccia.com,ccia.com
"your@email.com,support@switch-bot.com,u003esupport@switch-bot.com",switch-bot.com
"alexey.brovko@e-dendrite.com,info@e-dendrite.com",e-dendrite.com
Kingdomcontact@morphoses.io,morphoses.io
"info@modularewheels.com,sales@modularewheels.com",modularewheels.com
Sales@POSTechnologies.net,postechnologies.net
800.303.2721info@emergetalentcloud.com,contractrecruiter.com
ponderosadells@outlook.com,ponderosadells.com
info@safetyboss.com,safetyboss.com
"5dGW8Awro3qq8Hh5MveXLP@1.24.0,7nJ7UcFmq9UzB6eXfC5z4a@0.28.0,8PtdGodUbexNYgkuyBUcWu@3.24.0,caTPwKxj5ZrD9LQ7DMdK4Z@3.36.0,enk3K4vZ6pmH6kVCoZJXGn@4.23.0,fntMe6HL1bZRbP7evnv9pJ@187.0.2,jkU633o1Cz7HrJdwdxhVHk@16.10.0,ohDidvG9XsCeFumugENU3J@6.24.0,r3ASNrnyvLLLAtDvzUioQ@4.5.0",air.inc
sales@continentalsausage.ca,continentalsausage.ca
80202info@gradientgeothermal.comPARTNERSHIP,gradientgeothermal.com
Touchinfo@digitalpermitbook.com630.413.40073,digitalpermitbook.com
info@cedengineering.com,cedengineering.com
"info@blindarte.com,milano@blindarte.com",blindarte.com
team@diverseek.com,diverseek.com
contact@pikwy.com,pikwy.com
sales@midstal.com,midstal.com
info@internationalcentre.comQuick,internationalcentre.com
75034info@concenterservices.com,xlr8crm.com
"tim@asco-components.com,bill@asco-components.com,phil@asco-components.com,laura@asco-components.com",asco-components.com
"info@invisishield.techAddress5858,605a7baede844d278b89dc95ae0a9123@sentry-next.wixpress.com,f36cc48fb72b4d298c835f2793cf3b84@sentry-next.wixpress.com,1eeb89147c984dc6bc3ffafd9e6cd089@sentry.wixpress.com,8eb368c655b84e029ed79ad7a5c1718e@sentry.wixpress.com",invisishield.tech
sales@marketingtechginsights.com,marketingtechginsights.com
"Gigafactory-Verkor@2x.png,Gigafactory-Verkor-300x169@2x.png,INFOGRAPHIE-CP_Verkor-securise-plus-de-2-milliards-deuros-14-09-23-FR-1-300x169@2x.jpg,EQT-V-blanc@2x.png,Arkema-blanc@2x.png,tokai-cobex-blanc@2x.png,EIT-IE-blanc@2x.png,EIB@2x.png,BPI@2x.png,CUD@2x.png,benoit-pict-your-company-portrait-exterieur-verkor-22@2x.jpg,benoit-pict-your-company-portrait-exterieur-verkor-22-300x285@2x.jpg,christophe-pict-your-company-portrait-exterieur-verkor-19@2x.jpg,christophe-pict-your-company-portrait-exterieur-verkor-19-300x285@2x.jpg,sylvain-pict-your-company-portrait-exterieur-25@2x.jpg,sylvain-pict-your-company-portrait-exterieur-25-300x285@2x.jpg,philippe-pict-your-company-portrait-exterieur-verkor-17@2x.jpg,philippe-pict-your-company-portrait-exterieur-verkor-17-300x285@2x.jpg,gilles-pict-your-company-portrait-exterieur-verkor-21@2x.jpg,gilles-pict-your-company-portrait-exterieur-verkor-21-300x285@2x.jpg,olivier-pict-your-company-portrait-exterieur-verkor-10@2x.jpg,olivier-pict-your-company-portrait-exterieur-verkor-10-300x285@2x.jpg,home-verkor-strategie-innovation-1024x683@2x.jpg,home-verkor-strategie-innovation-300x200@2x.jpg,home-verkor-strategie-innovation@2x.jpg,verkor_innovation_entree@2x-1024x576.png,verkor_innovation_entree@2x-300x169.png,verkor_innovation_entree@2x-1536x864.png,verkor_innovation_entree@2x-2048x1152.png,2x-300x169@2x.png,VERKOR-_-Render-vitrine-of-factory-2-300x121@2x.jpg,logo-republique-francaise@2x.png,logo-france-industrie@2x.png,logo-nse@2x.png,logo-inno-energy@2x.png,logo-business-france@2x.png,logo-France-2030@2x.png,logo-HDF@2x.png,logo-CUD@2x.png",verkor.com
"_no_fasteners@72ppi-100-150x150.jpg,_no_fasteners@72ppi-100-300x300.jpg,_no_fasteners@72ppi-100-1024x1024.jpg,_no_fasteners@72ppi-100-768x768.jpg,_no_fasteners@72ppi-100-255x255.jpg,_no_fasteners@72ppi-100-455x455.jpg,_no_fasteners@72ppi-100.jpg",senco.com
"insureinfo@discovery.co.za,discoverylifeinfo@discovery.co.za,invest_support@discovery.co.za,invest_complaints@discovery.co.za,healthpartnerinfo@discovery.co.za,webinfo@discovery.co.za,support.discovery.green@discovery.co.za,gapcover@discovery.co.za,Prepaidhealth@discovery.co.za",discovery.co.za
customerservice@iboats.com.,iboats.com
"Info@ardinall.com,info@ardinall.com,10013info@ardinall.com",ardinall.com
info@craneae.com,craneae.com
tickets@orlandoinformer.com,orlandoinformer.com
"Racheltypewriter_345x345@2x.jpg,KyleEightoclock_345x345@2x.jpg,Katietypewriter_345x345@2x.jpg,Trudyoilcan_345x345@2x.jpg,DianeHairdressing-Copy_345x345@2x.jpg,Dominic_maxwell_house_coffee_600x600@2x.jpg,Nicole_Teacup_2b3b4bc3-ff32-4a2c-9fe8-c996d8d3b558_600x600@2x.jpg,Rose_bandaid_600x600@2x.jpg",kendrawoodart.com
"EatClubSupport@continentalserves.com,help@eatclub.com",eatclub.com
info@bigskychamber.com,bigskychamber.com
Reception@FHChamber.com16837,fhchamber.com
421-1141support@hoyafilterusa.com,hoyafilterusa.com
nicocontact@badgerautomation.comHorarioLunes,badgerautomation.com
"support@contourbalance.comTel,605a7baede844d278b89dc95ae0a9123@sentry-next.wixpress.com,dd0a55ccb8124b9c9d938e3acf41f8aa@sentry.wixpress.com,c183baa23371454f99f417f6616b724d@sentry.wixpress.com,8c4075d5481d476e945486754f783364@sentry.io,f36cc48fb72b4d298c835f2793cf3b84@sentry-next.wixpress.com,98b21aa53d68482b8414e892d9af0e5f@sentry-next.wixpress.com,54b4aac306184111a223c0f4aea635c3@sentry.wixpress.com",contourbalance.com
info@macfilos.com,macfilos.com
308-5924Emailsales@handdryer.comAddress706,handdryer.com
help@curiohomegoods.com,curiohomegoods.com
"8_60x60@2x.jpg,pallet-rack-1_300x300@2x.jpg,parts_300x300@2x.jpg,battery_300x300@2x.jpg,rj50_300x300@2x.jpg,plate_300x300@2x.jpg,290F_invert-drum_ko__sm_300x300@2x.png,td_300x300@2x.jpg,e6_300x300@2x.jpg,safety_300x300@2x.jpg,ray_300x300@2x.jpg,Raymond_Renewed_545x545_956944b5-84a9-425a-865f-dea06b96e59e_300x300@2x.png,COVID-19_545x545_71eba9b9-aa58-4514-ac98-2d78fcdfd4fb_300x300@2x.png",materialshandlingstore.com
hello@dododesign.africa,dodo.ng
customerservice@ce-logic.com,ce-logic.com
uscontact@qs-labs.comSend,qs-labs.com
feedback@greatadventurehistory.com,gahforums.com
info@cnaindy.com,cnaindy.com
"clearviewsupport@us.panasonic.com,training@clearviewconnect.com",qssweb.com
"california@therealescrow.com,90266california@therealescrow.comPrivacy",onerealescrow.com
"partnerships@cutanddry.com,press@cutanddry.com",cutanddry.com
contact@cosmospug.com,cosmospug.com
intl-tel-input@v17.0.19,iba-worldwide.com
"info@ironhorsemidstream.com,bevo@redbirdpr.com",ironhorsemidstream.com
info@ecolink.com,ecolink.com
"info@cliffordclifford.com.,info@cliffordclifford.com",cliffordclifford.com
chamber@christiancountychamber.com,christiancountychamber.com
SoundsLikeVinyl@5SensesGroupLLC.com,soundslikevinyl.com
"meg@3birdsphotos.com,605a7baede844d278b89dc95ae0a9123@sentry-next.wixpress.com,8eb368c655b84e029ed79ad7a5c1718e@sentry.wixpress.com",3birdsphotos.com
wemedia@yesky.com,chinabyte.com
info@bitefull.com,bitefull.com
"pat@monatwealth.com,adam@monatwealth.com,mikal@monatwealth.com,sherry@monatwealth.com,julia@monatwealth.com,jackie@monatwealth.com,kathi@monatwealth.com,miah@monatwealth.com,contact@monatwealth.com",monatwealth.com
"Africaadmin@hdcreativenetwork.com,605a7baede844d278b89dc95ae0a9123@sentry-next.wixpress.com,dd0a55ccb8124b9c9d938e3acf41f8aa@sentry.wixpress.com,c183baa23371454f99f417f6616b724d@sentry.wixpress.com,8c4075d5481d476e945486754f783364@sentry.io,8eb368c655b84e029ed79ad7a5c1718e@sentry.wixpress.com",hdcreativenetwork.com
info@clearforkmidstream.com,clearforkmidstream.com
"support@unabated.comJoin,support@unabated.com",unabated.com
doc@treadmilldoctor.com,treadmilldoctor.com
"info@ttswireless.com,ttsemea@ttswireless.com",ttswireless.com
sales@actsoft.com,actsoft.com
"feedback@argusmedia.com,nfeedback@argusmedia.com",argusmedia.com
"info@solful.com,careers@solful.com",solful.com
"info@bluewaterbenefitsadmin.com,1-800-229-2210info@bluewaterbenefitsadmin.com",bluewaterbenefitsadmin.com
"user@domain.com.,houseofsaltnj@gmail.com",houseofsaltnj.com
ly302423@gmail.com,suni.tw
info@BDTI.com,bdti.com
"605a7baede844d278b89dc95ae0a9123@sentry-next.wixpress.com,8c4075d5481d476e945486754f783364@sentry.io",evergreenprecast.com
68106402.718.8850info@fcpcapital.com,firstcapitalpartners.com
"info@nationalfloorsdirect.com,shiva.godasu@floorforce.com",nationalfloorsdirect.com
info@truelabscannabis.com,truelabscannabis.com
"business@ironhealthgroup.comSite,business@ironhealthgroup.com",ironhealthgroup.com
a...thecrew@coastalconservatory.com,coastalconservatory.com
support@thepetjewels.com,thepetjewels.com
information@proteleccheckmate.com,proteleccheckmate.com
"info@er-productions.com,605a7baede844d278b89dc95ae0a9123@sentry-next.wixpress.com,8c4075d5481d476e945486754f783364@sentry.io,dd0a55ccb8124b9c9d938e3acf41f8aa@sentry.wixpress.com,c183baa23371454f99f417f6616b724d@sentry.wixpress.com,8eb368c655b84e029ed79ad7a5c1718e@sentry.wixpress.com",er-productions.com
info@storybuiltmedia.com,storybuiltmedia.com
ONbmcpd2017@gmail.com,benjaminmoorecpd.com
"pic@2x-render.jpg,pic@2x-render-980x865.jpg,pic@2x-render-480x424.jpg,info@dbe.sk,DBE-logo@2x.png,DBE-logo@2x-480x94.png",dbe.sk
sales@unitedsportsonline.com,unitedsportsonline.com
sales@dealerspike.com,sports-center.com
"parts@technicalhotandcold.com,support@halothemes.com,sales@halothemes.com,user@example.com.,web-vitals@3.5.2",technicalhotandcoldparts.com
jennifer@lovedwellshere.com,lovedwellshere.com
"adsales@endeavorb2b.com,u003Cnoreply@baseplatform.io,eActivity@endeavorb2b.com,eactivity@endeavorb2b.com,jnormandin@endeavorb2b.com,u003Cemailsolutions@endeavorb2b.com",gxcontractor.com
contact@armadaetfs.com,armadaetfs.com
Teramind_Logo-128px_height_@2x-Dark_Theme.png,teramind.co
"filler@godaddy.comMy,filler@godaddy.comAboutSchoolFacultyVaganova",minnesotaballetschool.com
sales@tqmedical.com,tqmedical.com
tips@eatitandlikeit.com,eatitandlikeit.com
info@maitlandchamber.com,maitlandchamber.com
"william@lampshining.com,sales@lampshining.com",lampshining.com
271-2124info@northerngraphite.comManage,northerngraphite.com
firm@haugpartners.com,haugpartners.com
"jgulley@endeavorb2b.com,u003Cnoreply@baseplatform.io,eactivity@endeavorb2b.com,noreply@site.locksmithledger.com,customerservice@locksmithledger.com,epike@endeavorb2b.com,pragusa@endeavorb2b.com,nbrokamp@endeavorb2b.com",locksmithledger.com
"1-877-929-8742connect@axtria.com,connect@axtria.com",axtria.com
info@reddeerchamber.com,reddeerchamber.com
sales@unimrkthealth.com,unimrkthealth.com
barbara@relocationUSA.com,phoenixrealestate-homes.com
"MV5BY2ViMDQ0MGMtN2QwMC00NmQzLTk2MjItMzg5YjQ3MzRkM2FhXkEyXkFqcGdeQXVyMjUyNDk2ODc@._V1_-jpg.webp,MV5BY2ViMDQ0MGMtN2QwMC00NmQzLTk2MjItMzg5YjQ3MzRkM2FhXkEyXkFqcGdeQXVyMjUyNDk2ODc@._V1_-300x198.webp,MV5BY2ViMDQ0MGMtN2QwMC00NmQzLTk2MjItMzg5YjQ3MzRkM2FhXkEyXkFqcGdeQXVyMjUyNDk2ODc@._V1_-768x507.webp,MV5BY2ViMDQ0MGMtN2QwMC00NmQzLTk2MjItMzg5YjQ3MzRkM2FhXkEyXkFqcGdeQXVyMjUyNDk2ODc@._V1_-704x396.webp,info@roxie.com",roxie.com
admin@reefmarine.net,reefmarine.net
RacingDirect@rapidcommerce.com,racingdirect.com
"acsales@scross.com,rfq@scross.com",scross.com
help@allbirds.eu,allbirds.eu
bookstore@corridorgroup.com,corridorbookstore.com
"jamie.reid@rethinkevents.com,info@rethinkevents.com",animalagtech.com
sunvalleymercedes@gmail.com,mercedesdismantlers.com
customerservice@stevesilver.com,stevesilver.com
"605a7baede844d278b89dc95ae0a9123@sentry-next.wixpress.com,baf30a2b91654c5a840931f0137bed30@sentry.wixpress.com,0e6a29e4756740a8a63493e912ba2174@sentry.wixpress.com,8c4075d5481d476e945486754f783364@sentry.io,18d2f96d279149989b95faf0a4b41882@sentry-next.wixpress.com,1eeb89147c984dc6bc3ffafd9e6cd089@sentry.wixpress.com,f36cc48fb72b4d298c835f2793cf3b84@sentry-next.wixpress.com,8eb368c655b84e029ed79ad7a5c1718e@sentry.wixpress.com,5d1795a2db124a268f1e1bd88f503500@sentry.wixpress.com",generatecontent.ai
"gohealthurgentcare@cioxhealth.com,privacy@gohealthuc.com,privacy@gohealthuc.com.,ccpa@gohealthuc.com,compliance@gohealthuc.com,reports@lighthouse-services.com,media@gohealthuc.com",gohealthuc.com
info@also.com,also.com
Info@WhiteCapEnterprises.com,whitecapenterprises.com
recruiting@atriawealth.com,grovepointfinancial.com
info@loyalhhc.com,loyalhhc.com
"michelle.knous@usabs.com....MembershipInterested,michelle.knous@usabs.com....",usabs.com
hi@alphalake.ai,alphalake.ai
423-5131shannon@bundledps.com,bundledps.com
support@ultracart.com,ultracart.com
info@kinlycart.com,kinlycart.com
info@vacationrentalsmexicobeach.com,vacationrentalsmexicobeach.com
"elastoform@polytec-industrial.com,thelen@polytec-industrial.com,emc@polytec-industrial.com",polytec-industrial.com
"example@mail.com,user@example.com",basketballjerseyworld.com
leroy@powellbroadcasting.com,ksux.com
info@clearnetworx.com,clearnetworx.com
hello@sonicminds.dk,sonicminds.dk
info@gpil.co.nz,gpil.co.nz
info@mentonemountaingetaways.com,mentonemountaingetaways.com
svlbarnyc@outlook.com,svlbar.com
"655-9767enquiries@akamisbio.comAkamis,605a7baede844d278b89dc95ae0a9123@sentry-next.wixpress.com,1eeb89147c984dc6bc3ffafd9e6cd089@sentry.wixpress.com,8eb368c655b84e029ed79ad7a5c1718e@sentry.wixpress.com",akamisbio.com
info@vermontskiandsport.com,vermontskiandsport.com
rickasekiasunrisecs@rickcase.com,rickcasekiasunrise.com
customerrelations@sboilchange.com,sboilchange.com
"50313wrs@wrsia.com,605a7baede844d278b89dc95ae0a9123@sentry-next.wixpress.com,8eb368c655b84e029ed79ad7a5c1718e@sentry.wixpress.com",wrsia.com
questions@avncorp.com,avncorp.com
admin@teamthrift.com1122,shopthrift.com
info@driftenthusiast.com,driftenthusiast.com
reincubate@reincubate.social,reincubate.com
"cvanhoover@thewiba.com,605a7baede844d278b89dc95ae0a9123@sentry-next.wixpress.com,8c4075d5481d476e945486754f783364@sentry.io,88170cb0c9d64f94b5821ca7fd2d55a4@sentry-next.wixpress.com,8eb368c655b84e029ed79ad7a5c1718e@sentry.wixpress.com",thewiba.com
"eyedoctors@aomichiana.combottom,605a7baede844d278b89dc95ae0a9123@sentry-next.wixpress.com,8eb368c655b84e029ed79ad7a5c1718e@sentry.wixpress.com",aomichiana.com
"Partner@RodKhleif.com,gino@jakeandgino.com",multifamilypodcastnetwork.com
john@example.com.,frugalindustry.com
"ph.marketing@aag.aero,ph.info@aag.aero",aag.aero
subscriptions@endopracticeus.com,dentalsleeppractice.com
info@phesi.com,phesi.com
preppingforpeanut@gmail.com,preppingforpeanut.com
"Contactmobewashere@gmail.com615.948.8745,user@domain.com.,anna@mobewashere.com",mobewashere.com
"605a7baede844d278b89dc95ae0a9123@sentry-next.wixpress.com,8c4075d5481d476e945486754f783364@sentry.io,baf30a2b91654c5a840931f0137bed30@sentry.wixpress.com,0e6a29e4756740a8a63493e912ba2174@sentry.wixpress.com,a18507e8883842d8a1ba47257fee81ac@sentry.wixpress.com",fitvents.com
info@allprocapital.com,allprocapital.com
"lightbox-mobile@2x.png,lightbox-desktop@2x.png,search-insights@2.2.1.js",culturekings.com.au
support@thehelplist.com,thehelplist.com
help@aplushomeloans.com,aplushomeloans.com
"john@beaconathletics.com,orders@beaconathletics.com",beaconathletics.com
"admin@ootb.educationOUT,605a7baede844d278b89dc95ae0a9123@sentry-next.wixpress.com,dd0a55ccb8124b9c9d938e3acf41f8aa@sentry.wixpress.com,c183baa23371454f99f417f6616b724d@sentry.wixpress.com,8c4075d5481d476e945486754f783364@sentry.io,8eb368c655b84e029ed79ad7a5c1718e@sentry.wixpress.com",ootb.education
"info@BEXRealty.com,6254f20e6c4a4f34bede2f939b839f5b@sentry.io",bexrealty.com
Emailenquiries@solutionsdriven.comTelephone,solutionsdriven.com
salesmd@kyocera-sgstool.com,ksptmedical.com
joe@timsaandm.com,timsapplianceandmattress.com
info@seminarsforhealth.ca,seminarsforhealth.ca
"abuchanan@blackfinrei.comLearn,droot@blackfinrei.comLearn,lfurst@blackfinrei.comLearn,info@blackfinrei.com,605a7baede844d278b89dc95ae0a9123@sentry-next.wixpress.com",blackfinrei.com
info@pqmedia.comPhone,pqmedia.com
chinateampro2015@gmail.com,desigusxpro.com
info@luxcreo.com,luxcreo.com
Info@GreatPlainsTrust.com,greatplainstrust.com
info@vts-i.com,vts-i.com
"info@aghealth.com.au,info@aghealth.com.auT.",avant-gardehealth.com.au
"info@usdigital.com,sales@usdigital.com,support@usdigital.com,outreach@usdigital.com,website@usdigital.com",usdigital.com
info@olivebranchms.com,olivebranchms.com
"Lifewaychurchrc@gmail.combottom,605a7baede844d278b89dc95ae0a9123@sentry-next.wixpress.com,dd0a55ccb8124b9c9d938e3acf41f8aa@sentry.wixpress.com,c183baa23371454f99f417f6616b724d@sentry.wixpress.com,88170cb0c9d64f94b5821ca7fd2d55a4@sentry-next.wixpress.com,1eeb89147c984dc6bc3ffafd9e6cd089@sentry.wixpress.com,8eb368c655b84e029ed79ad7a5c1718e@sentry.wixpress.com",lifewaychurchrc.com
"info@rimidi.com,careers@rimidi.com",rimidi.com
"info@celticrestorationgroup.comHOMEABOUT,605a7baede844d278b89dc95ae0a9123@sentry-next.wixpress.com,dd0a55ccb8124b9c9d938e3acf41f8aa@sentry.wixpress.com,c183baa23371454f99f417f6616b724d@sentry.wixpress.com,8eb368c655b84e029ed79ad7a5c1718e@sentry.wixpress.com",celticrestorationgroup.com
"ada@chalktv.com,yourname@domain.com",royalsupply.com
leads@rohrmankia.com,rohrmankia.com
info@multiestetica.mx,multiestetica.mx
"vagas@webautomacao.com.br,u003evagas@webautomacao.com.br",gazzconecta.com.br
demosales@archbee.comsupport,archbee.com
hello@useanvil.com,useanvil.com
"circulation.law@ttu.edu.,dajiang.nie@ttu.edu.",texastechlawlibrary.com
info@craincoinc.com,craincoinc.com
"605a7baede844d278b89dc95ae0a9123@sentry-next.wixpress.com,c098db2425c540d3982e073ae7fc4c9a@sentry.wixpress.com",yankeespiritsplus.com
"contact@searchmyexpert.comFind,contact@searchmyexpert.comCopyright,slick@1.8.1",searchmyexpert.com
605a7baede844d278b89dc95ae0a9123@sentry-next.wixpress.com,wbcasewer.com
contact@ivyrhode.com,ivyrhode.com
"ngozi.nwanji@blavity.com,samantha.dorisca@blavity.com,leah.jones@blavity.com,dorian.smith-garcia@blavity.com,shanique.yates@blavity.com,cecilia.austin@blavity.com,AfroTech@blavity.com,brianna@blavity.com",afrotech.com
hello@pylonlending.com,pylonlending.com
servicerequest@acaservice.net,appliancecareofatlanta.com
info@alliewaymarketing.com,alliewaymarketing.com
support@amientertainment.net,amientertainment.net
contact@channelrush.com,channelrush.com
"pintxo@valdemarestates.comOPENING,605a7baede844d278b89dc95ae0a9123@sentry-next.wixpress.com,18d2f96d279149989b95faf0a4b41882@sentry-next.wixpress.com,8c4075d5481d476e945486754f783364@sentry.io,8eb368c655b84e029ed79ad7a5c1718e@sentry.wixpress.com,5d1795a2db124a268f1e1bd88f503500@sentry.wixpress.com,example@mysite.com.",pintxobyvaldemar.com
info@thelasthunt.com,thelasthunt.com
hello@datantify.com,datantify.com
"charles@thriftcres.com,lbutler@thriftcres.com",cotswoldvillageshops.com
Game-ecology@kingsoft.com,ksyun.com
info@securencomply.com,securencomply.com
automate@addverb.com,addverb.com
mike@ukatransportation.com,ukatransportation.com
2da7fa68cc024d1abfea6c1a19af3d8a@o1115521.ingest.sentry.io,makewaves.fm
info@admbenefits.com,admbenefits.com
focus-trap@7.4.3,clearme.com
info@sichem.de,sichem.de
customerservice@globemedsupply.com,globemedicalsupply.com
info@vercelpartners.com,vercelpartners.com
Ussales@topgrillsmidwest.com,topgrillsmidwest.com
intl-tel-input@17.0.18,brakecontroller.com
user@domain.com.,gumenick.com
"sales@godoctorg.com,605a7baede844d278b89dc95ae0a9123@sentry-next.wixpress.com,8eb368c655b84e029ed79ad7a5c1718e@sentry.wixpress.com",godoctorg.com
name@email.com,bbtoystore.com
"7Emailcontact@jaxxon.comCall,contact@jaxxon.com.",jaxxon.com
info@opexgrp.com,opex-pscm.com
"customerservice@everythingpolarisgeneral.com,support@halothemes.com,customerservice@everythingcanamoffroad.com,sales@halothemes.com,user@example.com.",everythingpolarisgeneral.com
hello@finelightmediagroup.com,energy-oil-gas.com
admin@dynamocover.com,dynamocover.com
"fancybox_sprite@2x.png,fancybox_loading@2x.gif,email@email.com",gardnerfamilyorthodontics.com
hello@formant.io203,formant.io
hello@hotelemeline.com,hotelemeline.com
hello@jaymade.co,jaymade.co
service@setgmbh.com,setgmbh.com
"fox_toad-crystal-logo-CLRblk_150x@2x.png,lemurian-earrings001_600x600@2x.jpg,AfghaniteSodaliteLapis_345x345@2x.jpg,Agate_345x345@2x.jpg,ApricotAgateTumbled_345x345@2x.jpg,BlueLaceAgate_345x345@2x.jpg,PinkBotswana_345x345@2x.jpg,Botswana-Agate_8062d035-4b8c-4143-a1c0-a3a79b220577_345x345@2x.jpg,CrazyLace_345x345@2x.jpg,DendriticAgate_345x345@2x.jpg,FeatherAgate_345x345@2x.jpg,Fire-Agate-Heated_345x345@2x.jpg,MexicanFireAgate_345x345@2x.jpg,FlowerAgate_345x345@2x.jpg,Gobi-Agate_345x345@2x.jpg,Grape-Agate-Tumbles_345x345@2x.jpg,MossAgateOnPetWood_345x345@2x.jpg",foxandtoad.com
"ARHContactUs@gmail.com,ARHContactUs@gmail.comAll",abbariverhomes.com
themamamaven@gmail.com,themamamaven.com
"605a7baede844d278b89dc95ae0a9123@sentry-next.wixpress.com,8c4075d5481d476e945486754f783364@sentry.io,dd0a55ccb8124b9c9d938e3acf41f8aa@sentry.wixpress.com,c183baa23371454f99f417f6616b724d@sentry.wixpress.com,8eb368c655b84e029ed79ad7a5c1718e@sentry.wixpress.com",kloudkraftvapors.com
"dist@2.7.6,wishlist@4.29.7,info@animate.shop",animate.shop
editor@industry-era.comHome,industry-era.com
Info@womenfirstmedicalspa.com,womenfirstmedicalspa.com
info@wealthlinkfinancial.ca,wealthlinkfinancial.ca
websales@gogenlab.com,gogenlab.com
info@salonchampionsgate.com,salonchampionsgate.com
"dispatch@gobestway.com,gotiexpressinc@gmail.com",gobestway.com
"e7d54b729aaf49ea8b2f80dae22860aa@sentry.zipify.com,f14faca962674f149161045845b21b35@sentry.zipify.com",grillservices.com
user@domain.com.,ahchristian.com
info@theS3agency.com,s3.agency
60info@hexpol.com,hexpol.com
"Ltdinfo@atlanticscholarships.iePrivacy,605a7baede844d278b89dc95ae0a9123@sentry-next.wixpress.com,8c4075d5481d476e945486754f783364@sentry.io,8eb368c655b84e029ed79ad7a5c1718e@sentry.wixpress.com",atlanticscholarships.ie
CSEcommerce@CoastEMS.com,coastems.com
"info@ratchetandwrench.com,u003Cnoreply@baseplatform.io,eactivity@endeavorb2b.com,noreply@site.ratchetandwrench.com,customerservice@ratchetandwrench.com,news@ratchetandwrench.com",ratchetandwrench.com
contactus@cinando.com,cinando.cn
info@mycbdsolution.com,mycbdsolution.com
info@nexusinsights.net,nexusinsights.net
"sales@mcadamsinstruments.com,605a7baede844d278b89dc95ae0a9123@sentry-next.wixpress.com",mcadamsinstruments.com
DISPATCH@COUNTRYWIDELOGISTICS.COM,countrywidelogistics.com
press@iclub.vc,iclub.vc
info@calysta.eu,calysta.eu
hello@whova.com,whova.com
info@dinnerwithluca.com,dinnerwithluca.com
"team@projectorscreenstore.com,sales@projectorscreenstore.com",projectorscreenstore.com
information@seositecheckup.com,seositecheckup.com
info@mycigara.com,mycigara.com
"contact@eazydiner.com,booking@eazydiner.com",eazydiner.com
mt@michaeltchong.com,michaeltchong.com
605a7baede844d278b89dc95ae0a9123@sentry-next.wixpress.com,riverbendsolutionsgroup.com
"Canadarhenschel@canenergy.com1,605a7baede844d278b89dc95ae0a9123@sentry-next.wixpress.com",element1energy.ca
"secretary@tanner-eyes.co.uk,windsor@tanner-eyes.co.uk,reading@tanner-eyes.co.uk",tanner-eyes.co.uk
support@neuroflow.com,neuroflow.com
info@NineStarConnect.com,ninestarconnect.com
"info@shilohmarket.net,sales@shilohmarket.net",shilohmarket.net
"development@intouchoffice.com,leaflet@1.3.1",veterinaryemergencygroup.com
zack@railroadfan.com.,railroadfan.com
"Medical@MorganRM.com,info@rpmmedicalbilling.com,605a7baede844d278b89dc95ae0a9123@sentry-next.wixpress.com",azcpr.com
"info@tx3sagerock.com,605a7baede844d278b89dc95ae0a9123@sentry-next.wixpress.com",tx3sagerock.com
customer.services@nhbs.com,nhbs.com
"Associates602.954.3769acheney@leearizona.com,Associates602.956.7777ccoppola@leearizona.com,Companies602.616.8177bill.cook@theplazaco.com,Companies602.828.7214margaret.lloyd@theplazaco.com,info@parkcentralphoenix.com",parkcentralphoenix.com
info@beachsalesinc.com,beachsalesinc.com
"info@carpedia.com,20info@carpedia.com",carpedia.com
kevin@immigrantspirit.com,immigrantspirit.com
"webmaster@levyonline.com,leaflet@1.3.1",havenhealthaz.com
info@fprimec.com,fprimec.com
info@bohle.de,bohle.com
sales@translators-usa.com,translators-usa.com
"605a7baede844d278b89dc95ae0a9123@sentry-next.wixpress.com,8c4075d5481d476e945486754f783364@sentry.io,8eb368c655b84e029ed79ad7a5c1718e@sentry.wixpress.com",qrcllc.net
paddy@eatsagency.com,eatmcr.co.uk
info@groundsure.com,groundsure.com
admin@neuronlearning.com,neuronlearning.com
sales@halosp.com,halosp.com
dave@genevalakefrontrealty.com,genevalakefrontrealty.com
support@mywi-fiext.net,mywi-fiext.net
Oregonhello@vanholtz.co01,vanholtz.co
"info@bowcommercial.com,605a7baede844d278b89dc95ae0a9123@sentry-next.wixpress.com,8eb368c655b84e029ed79ad7a5c1718e@sentry.wixpress.com",bowcommercial.com
onEmailsupport@otelli.co.ukCall0333,otelli.co.uk
"cservice@fna-group.com,605a7baede844d278b89dc95ae0a9123@sentry-next.wixpress.com,8eb368c655b84e029ed79ad7a5c1718e@sentry.wixpress.com",fna-group.com
"TitanSales@AskMonroe.com,775-356-6600TitanSales@AskMonroe.com",titanwnc.com
help@serializd.com.,serializd.com
"support@dundle.com,support@dundle.com.,u003Esupport@dundle.com,support@korsit.com",dundle.com
feedback@ontvtonight.com,ontvtonight.com
"enquiries@themediaeye.com,subscriptions@themediaeye.com",themediaeye.com
UsBlogshello@mission.appOur,mission.app
contact@applied-textiles.com,applied-textiles.com
222-6411phbarndoor@apha.com122,phbarndoor.com
"RASA-B2B-Logo_150x@2x.png,rasa-bold-8_1024x1024_5714954b-6996-4b6b-9299-a1c8e03f0af0_530x_crop_top@2x.jpg,musha_1090x_crop_top@2x.jpg,retail_250x250@2x.png,cafe-bundle_250x250@2x.png,brewing-page-header-image_480x480@2x.jpg,RASA_herbs_480x480@2x.jpg,Screen_Shot_2019-05-10_at_11.47.40_AM_540x_74a2e5d1-c65b-4495-bd13-2be6bdcf467e_480x480@2x.png",b2bwearerasa.com
info@SpringVentureGroup.com,springventuregroup.com
orders@collectivecraftbeer.com,collectivecraftbeer.com
contact@interglobe.com,interglobe.com
"hello@mainstreetliquor.com,Orange_Black_Monogram_Logo_2_210x@2x.png,buffalo-trace-bourbon-285008_345x345@2x.jpg,eagle-rare-bourbon-255359_345x345@2x.jpg,blantons-original-single-barrel-bourbon-750ml-770251_345x345@2x.jpg,colonel-eh-taylor-jr-small-batch-508536_345x345@2x.jpg,old-weller-antique-107-369921_345x345@2x.jpg,buffalo-trace-bourbon-285008_250x250@2x.jpg,buffalo-trace-bourbon-12-bottle-bundle-521430_250x250@2x.jpg,blantons-single-barrel-store-pick-by-main-street-liquor-375ml-737736_250x250@2x.jpg,buffalo-trace-bourbon-6-bottle-bundle-286709_250x250@2x.jpg,old-elk-bourbon-limited-edition-gift-set-with-custom-elk-pourer-777618_250x250@2x.jpg,frank-august-small-batch-bourbon-250391_250x250@2x.jpg,blantons-original-single-barrel-bourbon-750ml-770251_250x250@2x.jpg,colonel-eh-taylor-jr-small-batch-508536_250x250@2x.jpg,heavens-door-decade-series-release-01-716806_250x250@2x.jpg,smoke-wagon-glow-in-the-dark-halloween-edition-2022-492956_250x250@2x.jpg,patron-el-alto-reposado-912138_250x250@2x.jpg,clase-azul-plata-tequila-410258_250x250@2x.jpg,tequila-ocho-anejo-370811_250x250@2x.jpg,tequila-mandala-anejo-dia-de-los-muertos-2022-edition-884969_250x250@2x.jpg,clase-azul-reposado-tequila-375ml-303442_250x250@2x.jpg,don-julio-rosado-471861_250x250@2x.jpg,patron-el-cielo-180588_250x250@2x.jpg,butterfly-cannon-blue-tequila-427717_250x250@2x.jpg,tequila-ocho-anejo-aged-in-widow-jane-barrels-limited-edition-2023-867578_250x250@2x.jpg,salt-tequila-salted-chocolate-838263_250x250@2x.jpg,kentucky-owl-takumi-edition-straight-bourbon-861790_250x250@2x.jpg,15-stars-private-stock-7-15-years-937291_250x250@2x.jpg,jack-daniels-triple-mash-bottled-in-bond-whiskey-572605_250x250@2x.jpg,smoke-wagon-uncut-the-younger-straight-bourbon-405408_250x250@2x.jpg,elijah-craig-toasted-barrel-196725_250x250@2x.jpg,15-stars-triple-cask-bourbon-151031_250x250@2x.jpg,hennessy-vsop-chinese-new-year-2024-by-yang-yongliang-870795_250x250@2x.jpg",mainstreetliquor.com
info@gaccca.org,gaccca.com
info@conexussg.com469-828-32742500,conexussg.com
USAcontact@akuitydevelopment.com,akuitydevelopment.com
orders@blankbooks.co.za,blankbooks.co.za
memberservices@mgmresorts.com,mgmresorts.com
adm@uaccm.edu,uaccm.edu
"info@brownfloral.com,orders@brownfloral.net",brownfloral.net
5d56af3dddf444e5a927e62874ab3eb0@sentry.treatstock.com,treatstock.com
info@duckduckpoodle.com,duckduckpoodle.com
info@iota.bio,iota.bio
"605a7baede844d278b89dc95ae0a9123@sentry-next.wixpress.com,54b4aac306184111a223c0f4aea635c3@sentry.wixpress.com",siouxcityfiberinternet.com
XFS@4leaseadmin.com,xfsinc.com
info@alignprivatecapital.com,alignprivatecapital.com
05602info@GreenSparkVT.com,greensparkvt.com
SportsCardShow@gmail.com,sportscardradio.com
info@tickeri.com,tickeri.com
user@domain.com.,mdgresidential.com
"sales@elitebranding.co.uk,605a7baede844d278b89dc95ae0a9123@sentry-next.wixpress.com,8c4075d5481d476e945486754f783364@sentry.io,8eb368c655b84e029ed79ad7a5c1718e@sentry.wixpress.com",elitebranding.co.uk
"605a7baede844d278b89dc95ae0a9123@sentry-next.wixpress.com,8eb368c655b84e029ed79ad7a5c1718e@sentry.wixpress.com",frazierbusinesspark.com
periodicohoy@hoy.com.do,hoy.com.do
help@jisc.ac.uk,sherpa.ac.uk
"filler@godaddy.comMy,filler@godaddy.comHomeServicesLumber",jacksonmilling.com
ian@mutexlabs.com,rdrr.io
"logo_BLJ_600x@2x-300x88.webp,logo_BLJ_600x@2x.webp,logo_BLJ_600x@2x-1030x300.webp,logo_BLJ_600x@2x-768x224.webp,logo_BLJ_600x@2x-650x190.webp,logo_BLJ_600x@2x-150x44.webp",rockyourhomeschool.net
"XCONTACTinfo@go-grapevine.comTel,605a7baede844d278b89dc95ae0a9123@sentry-next.wixpress.com,18d2f96d279149989b95faf0a4b41882@sentry-next.wixpress.com,8eb368c655b84e029ed79ad7a5c1718e@sentry.wixpress.com,5d1795a2db124a268f1e1bd88f503500@sentry.wixpress.com,example@mysite.com.",go-grapevine.com
"605a7baede844d278b89dc95ae0a9123@sentry-next.wixpress.com,8c4075d5481d476e945486754f783364@sentry.io,dd0a55ccb8124b9c9d938e3acf41f8aa@sentry.wixpress.com,c183baa23371454f99f417f6616b724d@sentry.wixpress.com,88170cb0c9d64f94b5821ca7fd2d55a4@sentry-next.wixpress.com,8eb368c655b84e029ed79ad7a5c1718e@sentry.wixpress.com",kismithgallery.com
email@example.com.,tricare.mil
States206-782-1189njr@ohanafc.com,ohanafc.com
search-insights@2.0.3,hersheyland.in
"bannackstatepark@mt.gov,biho_visitor_information@nps.gov,bfpathways@gmail.com,info@gemmtn.com,julie_croglio@nps.gov,ClarkCavernsStatePark@mt.gov,info@pcmaf.org,info@tizergardens.com,buttewmm@gmail.com,bhs@boulderhotsprings.com,info@fairmontmontana.com,info@broadwatermt.com,elkhornhotspringsresort@gmail.com,fmtcondos@gmail.com,jacksonhotspringslodge@gmail.com,waterofthegod@gmail.com,pipestonevillage@gmail.com,tforwood@mt.gov,fwprg3@mt.gov,cherylmorris@mt.gov,cputchat@mt.gov,philipsburgbrewingco@gmail.com,info@beaverheadbeer.com,taproom@blackfootriverbrewing.com,info@burnttreebrewing.com,buttebrewing@gmail.com,info@cfbrew.com,info@copperfurrowbrewing.com,drinks@gulchdistillers.com,marketing@headframespirits.com,cheers@headframespirits.com,LakesideDistillery@gmail.com,max@lewisandclarkbrewing.com,missouririverbrewingco@gmail.com,bex@mtascensionbrewing.com,contact@rubyvalleybrew.com,smeltercitybrewing@gmail.com,surveytool@mt.gov,john@stonehouse-distillery.com,info@tenmilecreekbrewing.com,customerservice@williesdistillery.com,info@virginiacity.com,BLM_MT_Missoula_FO@Blm.gov,info@helenachamber.com,mhc@mt.gov,utsgmail@blm.gov,fwprg42@mt.gov,jeanne.connolly@mt.gov,fwprg22@mt.gov,redrocks@fws.gov,montanamija@gmail.com",southwestmt.com
ledoyen@yannick-alleno.com.,yannick-alleno.com
INFO@SAFETYSHOT.COM,safetyshotofficial.com
"support@hgmanage.com,support@ave1properties.com",ave1properties.com
support@pier1.com,pier1.com
StatesHmajeed@flipndip.net,flipndip.net
info@mixwithmarketing.com,mixwithmarketing.com
info@northeastunderlayments.com,northeastunderlayments.com
info@precisionpharma.com,precisionpharma.in
Lorrie@vintageknitcrochet.net.,vintageknitcrochet.net
admin@metromortgagegroup.com,metromortgagegroup.com
info@lbchamber.com,lbchamber.com
425.941.7325april@stephenmacdonald.com,stephenmacdonald.com
customerservice@banescousa.com,banescousa.com
medicalrecordsrequest@caresouth-carolina.com,caresouth-carolina.com
connect@thunderstruck-ev.com.,thunderstruck-ev.com
sales@17a-4.com,17a-4.com
info@builderssupplyco.com,builderssupplyco.com
"info@rununited.com,user@example.com.",rununited.com
web@elpasoinc.com,elpasoinc.com
"SoteraSales@fillrite.com,FillRiteSales@fillrite.com",sotera.com
support@crowdin.com,crowdin.com
"info@chemtradeglobal.com,605a7baede844d278b89dc95ae0a9123@sentry-next.wixpress.com",chemtradeglobal.com
CustomerCare@lacnm.us,losalamosnm.us
info@turnmedical.comPrivacy,turnmedical.com
marketing@istccorp.com,istccorp.com
info@incentivio.com,incentivio.com
sales@hasco-inc.com,hasco-inc.com
info@cfcc.com,cfcc.com
hello@prfire.com,prfire.com
memberservices@ultimateleisureclub.com,ultimateleisureclub.com
info@discernhealth.ai,discernhealth.ai
SystemSupport@MilitaryChildCare.com.,militarychildcare.com
"5dd3da8f7cb9570310433ebf_Clerk-Campaign-Bestsellers@2x-p-800.png.webp,5dd3da8f7cb9570310433ebf_Clerk-Campaign-Bestsellers@2x-p-800.png,5dd3da8f7cb9570310433ebf_Clerk-Campaign-Bestsellers@2x-p-800-300x230.png,5dd3da8f7cb9570310433ebf_Clerk-Campaign-Bestsellers@2x-p-800-768x589.png,5dd3da8f7cb9570310433ebf_Clerk-Campaign-Bestsellers@2x-p-800-380x292.png,5dd3da8f7cb9570310433ebf_Clerk-Campaign-Bestsellers@2x-p-800-600x461.png,5dd3da8f7cb9570310433ebf_Clerk-Campaign-Bestsellers@2x-p-800-760x583.png,5dd3da8f7cb9570310433ebf_Clerk-Campaign-Bestsellers@2x-p-800-46x35.png,5dd3da8f7cb9570310433ebf_Clerk-Campaign-Bestsellers@2x-p-800-65x50.png,5dd3da8f7cb9570310433ebf_Clerk-Campaign-Bestsellers@2x-p-800-638x490.png,5dd3da8f7cb9570310433ebf_Clerk-Campaign-Bestsellers@2x-p-800-220x169.png,5dd3da8f7cb9570310433ebf_Clerk-Campaign-Bestsellers@2x-p-800-385x295.png",sleeknote.com
communications@ffcommunity.com.,ffcommunity.com
"470956-featured-300x200@1.5x.jpg,470956-featured-300x200@2x.jpg,470956-featured-300x200@2.5x.jpg,470956-featured-300x200@3x.jpg,470887-featured-300x200@1.5x.jpg,470887-featured-300x200@2x.jpg,470887-featured-300x200@2.5x.jpg,470887-featured-300x200@3x.jpg,471014-featured-300x200@1.5x.jpg,471014-featured-300x200@2x.jpg,471014-featured-300x200@2.5x.jpg,471014-featured-300x200@3x.jpg,470825-featured-300x200@1.5x.jpg,470825-featured-300x200@2x.jpg,470825-featured-300x200@2.5x.jpg,470825-featured-300x200@3x.jpg,471031-featured-300x200@1.5x.jpg,471031-featured-300x200@2x.jpg,471031-featured-300x200@2.5x.jpg,471031-featured-300x200@3x.jpg,470668-featured-300x200@1.5x.jpg,470668-featured-300x200@2x.jpg,470668-featured-300x200@2.5x.jpg,470668-featured-300x200@3x.jpg,470651-featured-300x200@1.5x.jpg,470651-featured-300x200@2x.jpg,470651-featured-300x200@2.5x.jpg,470651-featured-300x200@3x.jpg,470882-featured-300x200@1.5x.jpg,470882-featured-300x200@2x.jpg,470882-featured-300x200@2.5x.jpg,470882-featured-300x200@3x.jpg,470918-featured-300x200@1.5x.jpg,470918-featured-300x200@2x.jpg,470918-featured-300x200@2.5x.jpg,470918-featured-300x200@3x.jpg,471004-featured-300x200@1.5x.jpeg,471004-featured-300x200@2x.jpeg,471004-featured-300x200@2.5x.jpeg,471004-featured-300x200@3x.jpeg",ifamagazine.com
"jackmwengert@gmail.com,info@elevatorpartssupply.com,sales@elevatorpartssupply.com,accounting@elevatorpartssupply.com",elevatorpartssupply.com
abscapital@abscapital.com,abscapital.com
sales@elizabeth-gage.com,elizabeth-gage.com
"info@signaturebank.bank,info@signaturebank.bankLost",signaturebank.bank
info@hotdogonaleash.com,hotdogonaleash.com
"Descriptionpublicfile@wbtv.com,naomi.kowles@wbtv.com,naomi.kowles@wbtv.com.,spencer.chrisman@wbtv.com,joshua.croup@13abc.com,cameron.gaskins@wbtv.com,connor.lomis@wbtv.com,dorothy.sedovic@gray.tv,webteam@wbtv.com,brandy.beard@wbtv.com,luke.tucker@wbtv.com,rachel.coulter@wbtv.com,mike.brantley@fox10tv.com,dane.kelly@wilx.com,agiles@wbtv.com,claire.kopsky@wbtv.com,dillon.ancheta@hawaiinewsnow.com,macy.neal@wrdw.com,elissia.wilson@gray.tv,jennifer.makelky@kfyrtv.com,nick.papadimas@wbtv.com,publicfile@wbtv.com,jeremy.turnage@gray.tv",wbtv.com
support@heliumdev.com,ifoodequipment.ca
info@hallmarkfinancial.net,hallmarkfinancial.net
864-271-4332pinkbeeGVL@gmail.com,pinkbeegvl.com
"TODAYcathyscreationswreaths@hotmail.comHome,605a7baede844d278b89dc95ae0a9123@sentry-next.wixpress.com,8c4075d5481d476e945486754f783364@sentry.io,dd0a55ccb8124b9c9d938e3acf41f8aa@sentry.wixpress.com,c183baa23371454f99f417f6616b724d@sentry.wixpress.com,8eb368c655b84e029ed79ad7a5c1718e@sentry.wixpress.com",cathyscreations.shop
USAinfo@alleviantmedical.com,alleviantmedical.com
"605a7baede844d278b89dc95ae0a9123@sentry-next.wixpress.com,88170cb0c9d64f94b5821ca7fd2d55a4@sentry-next.wixpress.com,8c4075d5481d476e945486754f783364@sentry.io",fnktacos.com
enrollment@ReposiTrak.com,repositrak.com
peter@premierequipmentsolutions.com,premierequipmentsolutions.com
ukinfo@cambrooke.com,cambrooke.uk
info@johnclements.com,johnclements.com
sales@hotelviata.com,hotelviata.com
lhaney@upsonbeacon.com,upsonbeacon.com
info@nhfilmfestival.com,nhfilmfestival.com
"Moreinfo@newvillageinitiative.com,605a7baede844d278b89dc95ae0a9123@sentry-next.wixpress.com,8eb368c655b84e029ed79ad7a5c1718e@sentry.wixpress.com",newvillageinitiative.com
"yann@amalo.fr,29contact@amalo.fr",amalo-recrutement.fr
rbimbra@hotmail.com,mostfungames.com
info@castlebespokeflooring.com,castlebespokeflooring.com
info@ttfuel.com,ttfuel.com
info@midwestboots.com,midwestboots.com
"f.dellinger@amba-bga.com,amba-membership@amba-bga.com",associationofmbas.com
"hello@kidoozi.com,gift-reggie@eshopadmin.com.,support@eshopadmin.com.",kidoozi.com
golflogoshirts@gmail.com,golflogoshirts.com
5G_AGV_3@0.3x.jpg,redviking.com
info@wolfandpravato.com,wolfandpravato.com
talley@talley.com,talley.com
"quotes@getthetruckout.com,sales@getthetruckout.com,deals@getthetruckout.com",gtto.co
"515-1077info@motherwolfla.com,515-1077info@motherwolfla.comHoursMonday",motherwolfla.com
info@compareclosing.com,compareclosing.com
sales@peterpaul.com,peterpaul.com
"Rebates@ComEd.com,dataprotection@icf.com",comedappliancerebates.com
u003esupport@yachtway.com,yachtway.com
lincoln@techhouse.org,lincolnquirk.com
info@fiveby.com,fiveby.com
support@ualett.com,ualett.com
info@gsgpa.com,gsgpa.com
info.legendpanama@sofitel.com,sofitel-legend-panama.com
info@fuelchoicessummit.com,fuelchoicessummit.com
ty@commercialpropertyconsultants.com,commercialpropertyconsultants.com
info@preceptismedical.com,hummingbirdeartubes.com
info@vntuition.com,vntuition.com
"browe@rowetomes.combottom,605a7baede844d278b89dc95ae0a9123@sentry-next.wixpress.com,f36cc48fb72b4d298c835f2793cf3b84@sentry-next.wixpress.com,98b21aa53d68482b8414e892d9af0e5f@sentry-next.wixpress.com,1eeb89147c984dc6bc3ffafd9e6cd089@sentry.wixpress.com,8eb368c655b84e029ed79ad7a5c1718e@sentry.wixpress.com",rowetomesadvisors.com
sales@fpiseattle.com,fpiseattle.com
"marketing@jenzabar.com.,marketing@jenzabar.com,nCarina.Ganias@jenzabar.com,Carina.Ganias@jenzabar.com",jenzabar.com
"kudzai@ipcconsultants.com,ashleigh@ipcconsultants.com,ben@mailinator.com,bis@ipcconsultants.com,bennyakaz@mailinator.com,estain@gmail.com,nicholas@mailinator.com,mnguwi@ipcconsultants.com,ipcconsultants1@gmail.com,yolanda@ipcconsultants.com,info@fionarobertson.com,sharon@cognoscenti.uk.com,tonyhawkins@zol.co.zw,hilton@hiltonbarbour.com,dulrich@rbl.net",thehumancapitalhub.com
sales@audiologic.co.uk,audiologic.co.uk
info@lightpointft.com,lightpointft.com
info@next-decade.com,next-decade.com
sales@tripbam.com,tripbam.com
info@wintec.ac.nz,wintec.ac.nz
"walt@cmtprops.com,angie@cmtprops.com,605a7baede844d278b89dc95ae0a9123@sentry-next.wixpress.com,dd0a55ccb8124b9c9d938e3acf41f8aa@sentry.wixpress.com,c183baa23371454f99f417f6616b724d@sentry.wixpress.com,8eb368c655b84e029ed79ad7a5c1718e@sentry.wixpress.com",cmtprops.com
user@domain.com.,everlyandmonet.com
sales@hobrechtl1.com,hobrechtl1.com
The_Herba_Coach_Logo_new_2023_520ec4f9-c09e-4853-b3c6-5344f7461ae2_190x@2x.png,theherbacoach.co.uk
info@scoredoc.com,scoredoc.com
natalie@ampersand-coffee.com,ampersand-coffee.com
info@govcap.com,govcap.com
"216-404-0053info@tervesinc.comToggle,216-404-0053info@tervesinc.comLatest",tervesinc.com
"americas@streamunlimited.com,europe@streamunlimited.com,asia@streamunlimited.com,japan@streamunlimited.com",streamunlimited.com
service@parksleepfly.com,parksleepfly.com
www.TheIndependentBookseller.comTheIndependentBookseller@gmail.com,theindependentbookseller.com
605a7baede844d278b89dc95ae0a9123@sentry-next.wixpress.com,mytaxprepoffice.com
Info@vca.law,victimscivilattorneys.com
3803tucsonclaycoop@yahoo.com3326,tucsonclayco-op.com
info@higovape.com,higovape.com
"info@hallmarkhcare.co.uk,Emailinfo@hallmarkhcare.co.uk",hallmarkhcare.co.uk
bushiban-hq@juno.com,bushiban.com
"support@audacyanalytics.com,support@analytichelp.com,audacy26.ao@gmail.com",audacyanalytics.com
admin@precisionwireshapes.com,precisionwireshapes.com
info@itzsportsperformance.com,itzsportsperformance.com
"Reichbenny.reich@gmail.com,605a7baede844d278b89dc95ae0a9123@sentry-next.wixpress.com",askbenny.tech
"documents@bgains.com,documents@bgains.com.,813-876-4166documents@bgains.comRead",briergrievesinsurance.com
"issuers@otcmarkets.com.,info@otcmarkets.com",otciq.com
"716-Cannabis@weedubest.com,air-city@weedubest.com,amsterdam@Weedubest.com,BK-Exotic@Weedubest.com,cannavita@Weedubest.com,CultureHouse@Weedubest.com,dagmar@weedubest.com,716Dank@Weedubest.com,dazed@weedubest.com,dosha@weebubest.com,Elevate-ADK@Weedubest.com,elevate@weedubest.com,emerald.dispensary@weedubest.com,Etain-Health@Weedubest.com,flynnstoned@weedubest.com,GoodGrades@Weedubest.com,GothamBudsNY@Weedubest.com,happydays@weedubest.com,Herbal-IQ@Weedubst.com,highstone@Weedubest.com,Housing-Works@Weedubest.com,Hush-NY@Weedubest.com,JustBreathe@Weedubest.com,legacy@Weedubest.com,LenoxHill@Weedubest.com,matawanany@weedubest.com,MJ-Dispensary@Weedubest.com,NYCBUD@Weedubest.com,NYCEE@Weedubest.com,premierearth@weedubest.com,PublicFlower@Weedubest.com,PuffaloDreams@Weedubest.com,royaleflower@weedubest.com,sacredbloom@weedubest.com,carriers@weedubest.com,silkroad@weedubest.com,smacked@Weedubest.com,stageone@weedubest.com,stasis@Weedubest.com,Strain-Stars@Weedubest.com,TheHerbalsCare@Weedubest.com,highestpark@weedubest.com,tjcannabis@Weedubest.com,TreeHouse@Weedubest.com,Upstate-Canna@Weedubest.com,urbanweeds@weedubest.com,verdi@weedubest.com,william-jane@weedubest.com",weedubest.com
office@velociwrapper.com,velociwrapper.com
info@highlinefast.com,highline-kansas.com
hello@supercreator.app,supercreator.app
"TWP_Tennessee_Portrait_2023_AW@2x-100.jpg,connect@fortifiedhealthsecurity.com",fortifiedhealthsecurity.com
team@mybushbalm.com,bushbalm.com
taylor@women2watch.net.,women2watch.net
contact@usq.com,usqfunds.com
899-4030EMAILinfo@californiapastasb.com,californiapastasb.com
States888-256-6855info@MDFinancialAdvisors.com,mdfinancialadvisors.com
"scappointments@orthopedicsri.com,FOappointments@orthopedicsri.com,FOAppointments@orthopedicsri.com,WBappointments1@orthopedicsri.com",orthori.com
info@thecococompany.com,thecococompany.com
info@rscapital.com,rscapital.com
suporte_brsao@barentz.com,tovani.com.br
info@equbot.com,equbot.com
"300x250@1x-100.jpg,hello@maritimepublishing.com",pacmar.com
hello@digitized.house,digitized.house
"vbryan@wrhambrecht.com909,605a7baede844d278b89dc95ae0a9123@sentry-next.wixpress.com",hambrechtcapital.com
"sales@apacor.com,info@apacor.com,Orderorders@apacor.comInvoice,Enquiriesaccounts@apacor.comGeneral,Enquiriesinfo@apacor.comEmail,Supporttechnical@apacor.com",apacor.com
"NA-PR@avanade.com,EME-PR@avanade.com,GM-PR@avanade.com,u003eNA-PR@avanade.com,u003eEME-PR@avanade.com,u003eGM-PR@avanade.com,Europe-PR@avanade.com,u003eEurope-PR@avanade.com",avanade.com
amcarlin@thecarlinlawgroup.com,thecarlinlawgroup.com
"INFO@INCEPTIONCOS.COM,info@inceptioncos.com",inceptioncos.com
831-4242auctions@fortnaauctioneers.com,fortnaauctioneers.com
828-5119support@endophys.com,endophys.com
info@edyals.com,viajareaegipto.com
"availability843.718.6088pavilionatpepper@gmail.comSteps,agreement843-718-6088pavilionatpepper@gmail.com",pepperpavilion.com
"info@loadstop.com,support@loadstop.com,sales@loadstop.com",loadstop.com
"605a7baede844d278b89dc95ae0a9123@sentry-next.wixpress.com,8c4075d5481d476e945486754f783364@sentry.io,88170cb0c9d64f94b5821ca7fd2d55a4@sentry-next.wixpress.com,8eb368c655b84e029ed79ad7a5c1718e@sentry.wixpress.com",fruitpearls.com
"partnerships@postera.aiGeneral,hello@postera.aiCompanyAbout,hello@postera.aiBuilt",postera.ai
support@subbox.pro,subbox.pro
contact@expandfurniture.com,expandfurniture.com
"33billettkasse@theater-basel.ch,80foyerpublic@theater-basel.ch",theater-basel.ch
exactlab@pec.it,xeris.it
"605a7baede844d278b89dc95ae0a9123@sentry-next.wixpress.com,8eb368c655b84e029ed79ad7a5c1718e@sentry.wixpress.com",wallacebuilderssupply.com
Emailinfo@i-nanotech.com,i-nanotech.com
info@clearwaterinc.net,clearwaterinc.net
"CONTACTSteve@stevesimsea.com,Steve@stevesimsea.com11230",stevesimsea.com
INFO@TRUSTALTA.COM,trustalta.com
info@redmondeyeclinic.comFax,redmondeyeclinic.com
dthaler@tsgsearch.com,tsgsearch.com
"e7d54b729aaf49ea8b2f80dae22860aa@sentry.zipify.com,f14faca962674f149161045845b21b35@sentry.zipify.com",elucidblends.com
"letstalk@innventure.com,32827Contactletstalk@innventure.comSitemapOur",innventure.com
gate7@gate7.com.au,gate7.com.au
logo@2x.png,tidymom.net
GuestService@seghesio.com,seghesio.com
"info@cellinfinitybio.com,605a7baede844d278b89dc95ae0a9123@sentry-next.wixpress.com,8eb368c655b84e029ed79ad7a5c1718e@sentry.wixpress.com",cellinfinitybio.com
gold-helpline@iifl.com,iifl.com
help@mtbdirect.com.au,mtbdirect.com.au
"kdabney@uview.academy.,amclin@uview.academy.",universityview.academy
info@securedlendingsolutions.comLocationsOhio,securedlendingsolutions.com
anna@anreko.design,anreko.design
International.PORTALben@timberlandhelicopters.com,timberlandhelicopters.com
"vip@stakes.com,nickname@email.com,support@hd.stakes.com,support@mountberg.biz,support@stakescasino.com.,sales@playson.com",stakes.com
"info@swellaudio.ie,605a7baede844d278b89dc95ae0a9123@sentry-next.wixpress.com,dd0a55ccb8124b9c9d938e3acf41f8aa@sentry.wixpress.com,c183baa23371454f99f417f6616b724d@sentry.wixpress.com,8c4075d5481d476e945486754f783364@sentry.io,8eb368c655b84e029ed79ad7a5c1718e@sentry.wixpress.com",swellaudio.ie
"Mullinsbmullinsdesign@gmail.com,605a7baede844d278b89dc95ae0a9123@sentry-next.wixpress.com,dd0a55ccb8124b9c9d938e3acf41f8aa@sentry.wixpress.com,c183baa23371454f99f417f6616b724d@sentry.wixpress.com,8c4075d5481d476e945486754f783364@sentry.io,8eb368c655b84e029ed79ad7a5c1718e@sentry.wixpress.com",bmullinsdesign.com
sstruckspecialties@yahoo.com,sstruckspecialties.com
"support@houseofknives.com.au,support@houseofknives.com.au.,help@houseofknives.com.au.",houseofknives.com.au
corporation.support@valencevibrations.com,valencevibrations.com
jamie@davesgaragetc.com,davesgaragetc.com
"605a7baede844d278b89dc95ae0a9123@sentry-next.wixpress.com,1eeb89147c984dc6bc3ffafd9e6cd089@sentry.wixpress.com,8eb368c655b84e029ed79ad7a5c1718e@sentry.wixpress.com",sesam.io
contactus_cv@scrantontimes.com,citizensvoice.com
info@aimsecure.com,aimsecure.net
35251235mail@mir-robots.com,mobile-industrial-robots.com
hello@yummybazaar.com,yummybazaar.com
"frontend-js-tooltip-support-web@3.0.5,remote-app-support-web@1.0.6,frontend-js-dropdown-support-web@1.0.9,frontend-js-tabs-support-web@1.0.9,frontend-js-alert-support-web@1.0.8,frontend-js-collapse-support-web@1.0.11",ibx.com
"marketing@asiainfo.com,AI_AC@asiainfo.com",asiainfo.com
doug_harper76@yahoo.com,makespacestoragems.com
info@lovemortgage.com,lovemortgage.com
marketingteam@3stepacademy.com,3stepacademy.com
info@edgewatercapital.com,edgewatercapital.com
logo_2x_3fe310be-0415-4f87-929d-d93bd0bc09c0_200x@2x.png,heyrowan.com
"fs-sales@fortsol.com,resellers@fortsol.com",fortsol.com
"Studiocgcreativestudio.shop@gmail.com,605a7baede844d278b89dc95ae0a9123@sentry-next.wixpress.com,8c4075d5481d476e945486754f783364@sentry.io",cgcreativestudio.shop
"info@blinkergroup.com,blinker@blinker.es",blinkergroup.com
51reservations@pfsg.frMentions,pavillon-faubourg-saint-germain.com
"red@2x.png,blue@2x.png",midwestvisioncenters.com
paul@awtsnc.com,awtsnc.com
bbandmlab@gmail.com,bbamlab.com
supportuk@irhythmtech.com,irhythmtech.co.uk
user@domain.com.,nextregiondi.com
info@afullmetaljacket.com,afullmetaljacket.com
contactus@hcpnational.com,hcpnational.com
chao@thinkdifferentwealth.com,thinkdifferentwealth.com
"admissions.ia@palmer.edu,admissions.fl@palmer.edu",palmer.edu
paul@solabrands.com.,solabrands.com
90069info@bracketcapital.comClick,bracketcapital.com
Info@AccSell.ir,accsell.ir
"kaitlyn@tidewater-tax.com,605a7baede844d278b89dc95ae0a9123@sentry-next.wixpress.com,dd0a55ccb8124b9c9d938e3acf41f8aa@sentry.wixpress.com,c183baa23371454f99f417f6616b724d@sentry.wixpress.com,54b4aac306184111a223c0f4aea635c3@sentry.wixpress.com",tidewater-tax.com
info@europebeautyworld.com,europebeautyworld.com
"574-1568RSGMoser@aol.com,605a7baede844d278b89dc95ae0a9123@sentry-next.wixpress.com,1eeb89147c984dc6bc3ffafd9e6cd089@sentry.wixpress.com,8eb368c655b84e029ed79ad7a5c1718e@sentry.wixpress.com",rsg-roofing.com
contact@omnipresent.comExcellent,omnipresent.com
info@likewise.community,likewise.community
info@somo.nl,somo.nl
ian.blackburn@betoli.com.CheersIan,theapplewatchtriathlete.com
nicholas.murray@uslsoccer.com,uslchampionship.com
manager@gayrealestate.com,gayrealestate.com
info@chiledogphoto.com,chiledogphoto.com
questions@plaidsettlement.com,plaidsettlement.com
info@pernasresearch.com,pernasresearch.com
info@ignite-tek.com,ignitemedia.com
